,Name,median,mean,faces
18,Einstein,45.0,45.0,710782
33,Horse_Head,7.5,10.833333333333334,2499712
45,Napoleon,32.5,35.0,440512
9,Carcinoplax_Suruguensis,30.0,30.0,1801260
15,DH3_Thucydides_and_Herodotus,22.5,26.666666666666668,2275856
28,Goethe_Lifemask,5.0,14.166666666666666,2436665
40,Lucius_Quinctius_Cincinnatus,32.5,32.5,3366062
35,Jenner_Post,35.0,33.333333333333336,1329934